Name,Ticker,Identifier,SEDOL,Weight,Sector,Shares Held,Local Currency,,,,
NVIDIA CORP,NVDA,67066G104,2379504,8.023810,-,289765024.000,USD,,,,
APPLE INC,AAPL,037833100,2046251,6.455382,-,175064256.000,USD,,,,
MICROSOFT CORP,MSFT,594918104,2588173,5.203092,-,88545499.000,USD,,,,
AMAZON.COM INC,AMZN,023135106,2000019,4.032899,-,116484566.000,USD,,,,
ALPHABET INC CL A,GOOGL,02079K305,BYVY8G0,3.195794,-,69421838.000,USD,,,,
BROADCOM INC,AVGO,11135F101,BDZ78H9,3.149855,-,56534761.000,USD,,,,
ALPHABET INC CL C,GOOG,02079K107,BYY88Y7,2.553587,-,55776758.000,USD,,,,
META PLATFORMS INC CLASS A,META,30303M102,B7TL820,2.417067,-,26085615.000,USD,,,,
TESLA INC,TSLA,88160R101,B616C79,1.795706,-,33543644.000,USD,,,,
BERKSHIRE HATHAWAY INC CL B,BRK.B,084670702,2073390,1.419535,-,21871123.000,USD,,,,
JPMORGAN CHASE + CO,JPM,46625H100,2190385,1.394442,-,32158136.000,USD,,,,
ELI LILLY + CO,LLY,532457108,2516152,1.182407,-,9451575.000,USD,,,,
EXXON MOBIL CORP,XOM,30231G102,2326618,1.024476,-,49844765.000,USD,,,,
WALMART INC,WMT,931142103,2936921,0.938788,-,52287432.000,USD,,,,
JOHNSON + JOHNSON,JNJ,478160104,2475833,0.900618,-,28744818.000,USD,,,,
VISA INC CLASS A SHARES,V,92826C839,B2PZN04,0.861016,-,20052480.000,USD,,,,
MICRON TECHNOLOGY INC,MU,595112103,2588184,0.835504,-,13420517.000,USD,,,,
ADVANCED MICRO DEVICES,AMD,007903107,2007849,0.766593,-,19450585.000,USD,,,,
COSTCO WHOLESALE CORP,COST,22160K105,2701271,0.737883,-,5295491.000,USD,,,,
MASTERCARD INC   A,MA,57636Q104,B121557,0.688218,-,9714991.000,USD,,,,
NETFLIX INC,NFLX,64110L106,2857817,0.645972,-,50365260.000,USD,,,,
CATERPILLAR INC,CAT,149123101,2180201,0.615547,-,5550877.000,USD,,,,
ABBVIE INC,ABBV,00287Y109,B92SR70,0.599112,-,21083107.000,USD,,,,
BANK OF AMERICA CORP,BAC,060505104,2295677,0.586480,-,79158308.000,USD,,,,
CISCO SYSTEMS INC,CSCO,17275R102,2198163,0.585656,-,47128601.000,USD,,,,
CHEVRON CORP,CVX,166764100,2838555,0.576130,-,22360875.000,USD,,,,
HOME DEPOT INC,HD,437076102,2434209,0.565377,-,11866293.000,USD,,,,
PALANTIR TECHNOLOGIES INC A,PLTR,69608A108,BN78DQ4,0.550642,-,27229560.000,USD,,,,
PROCTER + GAMBLE CO/THE,PG,742718109,2704407,0.546187,-,27701939.000,USD,,,,
LAM RESEARCH CORP,LRCX,512807306,BSML4N7,0.532767,-,14884357.000,USD,,,,
UNITEDHEALTH GROUP INC,UNH,91324P102,2917766,0.517533,-,10796522.000,USD,,,,
APPLIED MATERIALS INC,AMAT,038222105,2046552,0.516838,-,9460822.000,USD,,,,
INTEL CORP,INTC,458140100,2463247,0.513917,-,55985621.000,USD,,,,
ORACLE CORP,ORCL,68389X105,2661568,0.507475,-,20219172.000,USD,,,,
GENERAL ELECTRIC,GE,369604301,BL59CR9,0.496588,-,12501370.000,USD,,,,
COCA COLA CO/THE,KO,191216100,2206657,0.477542,-,46145059.000,USD,,,,
MERCK + CO. INC.,MRK,58933Y105,2778844,0.461736,-,29610435.000,USD,,,,
GOLDMAN SACHS GROUP INC,GS,38141G104,2407966,0.458812,-,3574376.000,USD,,,,
GE VERNOVA INC,GEV,36828A101,BP6H4Y1,0.441177,-,3212495.000,USD,,,,
WELLS FARGO + CO,WFC,949746101,2649100,0.416415,-,36858406.000,USD,,,,
RTX CORP,RTX,75513E101,BM5M5Y3,0.414851,-,15998907.000,USD,,,,
INTL BUSINESS MACHINES CORP,IBM,459200101,2005973,0.394614,-,11140658.000,USD,,,,
PHILIP MORRIS INTERNATIONAL,PM,718172109,B2PKRQ3,0.393901,-,18553295.000,USD,,,,
KLA CORP,KLAC,482480100,2480138,0.386321,-,1561905.000,USD,,,,
LINDE PLC,LIN,G54950103,BNZHB81,0.381530,-,5565427.000,USD,,,,
CITIGROUP INC,C,172967424,2297907,0.379895,-,20824697.000,USD,,,,
MORGAN STANLEY,MS,617446448,2262314,0.376015,-,14337282.000,USD,,,,
MCDONALD S CORP,MCD,580135101,2550707,0.354902,-,8487248.000,USD,,,,
PEPSICO INC,PEP,713448108,2681511,0.349559,-,16287224.000,USD,,,,
TEXAS INSTRUMENTS INC,TXN,882508104,2885409,0.349312,-,10814656.000,USD,,,,
THERMO FISHER SCIENTIFIC INC,TMO,883556102,2886907,0.325364,-,4477144.000,USD,,,,
VERIZON COMMUNICATIONS INC,VZ,92343V104,2090571,0.322148,-,50256312.000,USD,,,,
NEXTERA ENERGY INC,NEE,65339F101,2328915,0.311506,-,24818310.000,USD,,,,
AMPHENOL CORP CL A,APH,032095101,2145084,0.308498,-,14656945.000,USD,,,,
AMGEN INC,AMGN,031162100,2023607,0.306572,-,6416884.000,USD,,,,
WALT DISNEY CO/THE,DIS,254687106,2270726,0.304996,-,21109912.000,USD,,,,
ANALOG DEVICES INC,ADI,032654105,2032067,0.302679,-,5822006.000,USD,,,,
AT+T INC,T,00206R102,2831811,0.299112,-,83426597.000,USD,,,,
ARISTA NETWORKS INC,ANET,040413205,BL9XPM3,0.294629,-,12303128.000,USD,,,,
TJX COMPANIES INC,TJX,872540109,2989301,0.291940,-,13232693.000,USD,,,,
AMERICAN EXPRESS CO,AXP,025816109,2026082,0.291562,-,6381586.000,USD,,,,
SALESFORCE INC,CRM,79466L302,2310525,0.289441,-,11165995.000,USD,,,,
BOEING CO/THE,BA,097023105,2108601,0.284520,-,9370999.000,USD,,,,
US DOLLAR,-,999USDZ92,-,0.283252,-,2044593447.070,USD,,,,
GILEAD SCIENCES INC,GILD,375558103,2369174,0.273003,-,14784427.000,USD,,,,
ABBOTT LABORATORIES,ABT,002824100,2002305,0.266172,-,20721599.000,USD,,,,
INTUITIVE SURGICAL INC,ISRG,46120E602,2871301,0.264640,-,4232860.000,USD,,,,
EATON CORP PLC,ETN,G29183103,B8KQN82,0.263187,-,4636955.000,USD,,,,
UBER TECHNOLOGIES INC,UBER,90353T100,BK6N347,0.262482,-,24523314.000,USD,,,,
PFIZER INC,PFE,717081103,2684703,0.256892,-,67898966.000,USD,,,,
BOOKING HOLDINGS INC,BKNG,09857L108,BDRXDB4,0.254293,-,9617329.000,USD,,,,
SCHWAB (CHARLES) CORP,SCHW,808513105,2779397,0.254091,-,19942432.000,USD,,,,
BLACKROCK INC,BLK,09290D101,BMZBBT7,0.248379,-,1719204.000,USD,,,,
UNION PACIFIC CORP,UNP,907818108,2914734,0.246550,-,7083270.000,USD,,,,
DEERE + CO,DE,244199105,2261203,0.244782,-,3008530.000,USD,,,,
CONOCOPHILLIPS,COP,20825C104,2685717,0.243215,-,14598352.000,USD,,,,
QUALCOMM INC,QCOM,747525103,2714923,0.238746,-,12712738.000,USD,,,,
WELLTOWER INC,WELL,95040Q104,BYVYHH4,0.237892,-,8320038.000,USD,,,,
PALO ALTO NETWORKS INC,PANW,697435105,B87ZMX0,0.233545,-,9635345.000,USD,,,,
HONEYWELL INTERNATIONAL INC,HON,438516106,2020459,0.232875,-,7564385.000,USD,,,,
LOWE S COS INC,LOW,548661107,2536763,0.231877,-,6695291.000,USD,,,,
S+P GLOBAL INC,SPGI,78409V104,BYV2325,0.224584,-,3645653.000,USD,,,,
SANDISK CORP,SNDK,80004C200,BSNPZV3,0.220759,-,1763723.000,USD,,,,
PROLOGIS INC,PLD,74340W103,B44WZD7,0.217732,-,11074233.000,USD,,,,
WESTERN DIGITAL CORP,WDC,958102105,2954699,0.214727,-,4038364.000,USD,,,,
CORNING INC,GLW,219350105,2224701,0.213739,-,9325063.000,USD,,,,
APPLOVIN CORP CLASS A,APP,03831W108,BMV3LG4,0.212022,-,3234368.000,USD,,,,
CAPITAL ONE FINANCIAL CORP,COF,14040H105,2654461,0.208902,-,7446511.000,USD,,,,
PARKER HANNIFIN CORP,PH,701094104,2671501,0.202569,-,1503255.000,USD,,,,
DANAHER CORP,DHR,235851102,2250870,0.202265,-,7504913.000,USD,,,,
SEAGATE TECHNOLOGY HOLDINGS,STX,G7997R103,BKVD2N4,0.202143,-,2606054.000,USD,,,,
PROGRESSIVE CORP,PGR,743315103,2705024,0.201192,-,6998855.000,USD,,,,
BRISTOL MYERS SQUIBB CO,BMY,110122108,2126335,0.199928,-,24299399.000,USD,,,,
CHUBB LTD,CB,H1467J104,B3BQMF6,0.197679,-,4333286.000,USD,,,,
VERTIV HOLDINGS CO A,VRT,92537N108,BL3LWS8,0.197446,-,4561591.000,USD,,,,
ACCENTURE PLC CL A,ACN,G1151C101,B4BNMY3,0.197442,-,7330479.000,USD,,,,
NEWMONT CORP,NEM,651639106,2636607,0.197249,-,13026557.000,USD,,,,
LOCKHEED MARTIN CORP,LMT,539830109,2522096,0.191145,-,2412349.000,USD,,,,
CROWDSTRIKE HOLDINGS INC   A,CRWD,22788C105,BJJP138,0.187440,-,3009271.000,USD,,,,
STRYKER CORP,SYK,863667101,2853688,0.186262,-,4107833.000,USD,,,,
INTUIT INC,INTU,461202103,2459020,0.185945,-,3315317.000,USD,,,,
STARBUCKS CORP,SBUX,855244109,2842255,0.183861,-,13570207.000,USD,,,,
VERTEX PHARMACEUTICALS INC,VRTX,92532F100,2931034,0.183558,-,3034830.000,USD,,,,
ALTRIA GROUP INC,MO,02209S103,2692632,0.179560,-,20048261.000,USD,,,,
EQUINIX INC,EQIX,29444U700,BVLZX12,0.177524,-,1170954.000,USD,,,,
TRANE TECHNOLOGIES PLC,TT,G8994E103,BK9ZQ96,0.174983,-,2636243.000,USD,,,,
MEDTRONIC PLC,MDT,G5960L103,BTN1Y11,0.173487,-,15271692.000,USD,,,,
SERVICENOW INC,NOW,81762P102,B80NXX8,0.173026,-,12472044.000,USD,,,,
COMCAST CORP CLASS A,CMCSA,20030N101,2044545,0.172017,-,42742393.000,USD,,,,
MCKESSON CORP,MCK,58155Q103,2378534,0.170226,-,1458883.000,USD,,,,
CME GROUP INC,CME,12572Q105,2965839,0.169249,-,4295670.000,USD,,,,
ADOBE INC,ADBE,00724F101,2008154,0.167437,-,4889601.000,USD,,,,
SOUTHERN CO/THE,SO,842587107,2829601,0.167017,-,13115547.000,USD,,,,
HOWMET AEROSPACE INC,HWM,443201108,BKLJ8V2,0.163871,-,4775028.000,USD,,,,
CVS HEALTH CORP,CVS,126650100,2577609,0.162505,-,15162991.000,USD,,,,
DUKE ENERGY CORP,DUK,26441C204,B7VD3F2,0.161558,-,9279657.000,USD,,,,
FREEPORT MCMORAN INC,FCX,35671D857,2352118,0.160790,-,17176695.000,USD,,,,
BLACKSTONE INC,BX,09260D107,BKF2SL7,0.158917,-,8926904.000,USD,,,,
BANK OF NEW YORK MELLON CORP,BK,064058100,B1Z77F6,0.156578,-,8194804.000,USD,,,,
T MOBILE US INC,TMUS,872590104,B94Q9V0,0.152763,-,5643532.000,USD,,,,
PNC FINANCIAL SERVICES GROUP,PNC,693475105,2692665,0.152157,-,4816110.000,USD,,,,
QUANTA SERVICES INC,PWR,74762E102,2150204,0.149519,-,1781304.000,USD,,,,
INTERCONTINENTAL EXCHANGE IN,ICE,45866F104,BFSSDS9,0.148626,-,6763075.000,USD,,,,
SYNOPSYS INC,SNPS,871607107,2867719,0.147759,-,2281040.000,USD,,,,
CADENCE DESIGN SYS INC,CDNS,127387108,2302232,0.146690,-,3249600.000,USD,,,,
US BANCORP,USB,902973304,2736035,0.146159,-,18561243.000,USD,,,,
BOSTON SCIENTIFIC CORP,BSX,101137107,2113434,0.145889,-,17692763.000,USD,,,,
CUMMINS INC,CMI,231021106,2240202,0.145739,-,1646330.000,USD,,,,
MARSH + MCLENNAN COS,MRSH,571748102,2567741,0.142969,-,5765318.000,USD,,,,
CONSTELLATION ENERGY,CEG,21037T109,BMH4FS1,0.142786,-,3711463.000,USD,,,,
WILLIAMS COS INC,WMB,969457100,2967181,0.141906,-,14543831.000,USD,,,,
JOHNSON CONTROLS INTERNATION,JCI,G51502105,BY7QL61,0.141495,-,7309984.000,USD,,,,
FEDEX CORP,FDX,31428X106,2142784,0.140802,-,2575707.000,USD,,,,
WASTE MANAGEMENT INC,WM,94106L109,2937667,0.137254,-,4434418.000,USD,,,,
GENERAL DYNAMICS CORP,GD,369550108,2365161,0.136760,-,3032616.000,USD,,,,
MARRIOTT INTERNATIONAL  CL A,MAR,571903202,2210614,0.136201,-,2618558.000,USD,,,,
AMERICAN TOWER CORP,AMT,03027X100,B7FBFL2,0.135216,-,5584969.000,USD,,,,
AUTOMATIC DATA PROCESSING,ADP,053015103,2065308,0.134756,-,4794725.000,USD,,,,
EMERSON ELECTRIC CO,EMR,291011104,2313405,0.134600,-,6708432.000,USD,,,,
NORTHROP GRUMMAN CORP,NOC,666807102,2648806,0.134546,-,1589175.000,USD,,,,
CSX CORP,CSX,126408103,2160753,0.133500,-,22219132.000,USD,,,,
SLB LTD,SLB,806857108,2779201,0.130459,-,17845237.000,USD,,,,
CRH PLC,CRH,G25508105,B01ZKD6,0.130341,-,8016704.000,USD,,,,
O REILLY AUTOMOTIVE INC,ORLY,67103H107,B65LWX6,0.130276,-,10024177.000,USD,,,,
UNITED PARCEL SERVICE CL B,UPS,911312106,2517382,0.129975,-,8825124.000,USD,,,,
3M CO,MMM,88579Y101,2595708,0.128983,-,6270891.000,USD,,,,
HILTON WORLDWIDE HOLDINGS IN,HLT,43300A203,BYVMW06,0.128642,-,2729420.000,USD,,,,
SHERWIN WILLIAMS CO/THE,SHW,824348106,2804211,0.127822,-,2757416.000,USD,,,,
REGENERON PHARMACEUTICALS,REGN,75886F107,2730190,0.124816,-,1205523.000,USD,,,,
MONOLITHIC POWER SYSTEMS INC,MPWR,609839105,B01Z7J1,0.122895,-,580578.000,USD,,,,
MOTOROLA SOLUTIONS INC,MSI,620076307,B5BKPQ4,0.121714,-,1972189.000,USD,,,,
HCA HEALTHCARE INC,HCA,40412C101,B4MGBG6,0.121665,-,1863860.000,USD,,,,
ROSS STORES INC,ROST,778296103,2746711,0.120336,-,3850436.000,USD,,,,
THE CIGNA GROUP,CI,125523100,BHJ0775,0.120224,-,3136399.000,USD,,,,
ELEVANCE HEALTH INC,ELV,036752103,BSPHGL4,0.119407,-,2626908.000,USD,,,,
KKR + CO INC,KKR,48251W104,BG1FRR1,0.118797,-,8209773.000,USD,,,,
MONDELEZ INTERNATIONAL INC A,MDLZ,609207105,B8CKK03,0.118674,-,15261410.000,USD,,,,
AON PLC CLASS A,AON,G0403H108,BLP1HW5,0.118631,-,2553729.000,USD,,,,
EOG RESOURCES INC,EOG,26875P101,2318024,0.118543,-,6461365.000,USD,,,,
GENERAL MOTORS CO,GM,37045V100,B665KZ5,0.117850,-,10761248.000,USD,,,,
AMERICAN ELECTRIC POWER,AEP,025537101,2026242,0.117842,-,6449446.000,USD,,,,
TE CONNECTIVITY PLC,TEL,G87052109,BRC3N84,0.117661,-,3492513.000,USD,,,,
CIENA CORP,CIEN,171779309,B1FLZ21,0.117501,-,1676438.000,USD,,,,
VALERO ENERGY CORP,VLO,91913Y100,2041364,0.117426,-,3631746.000,USD,,,,
ILLINOIS TOOL WORKS,ITW,452308109,2457552,0.117251,-,3122502.000,USD,,,,
MOODY S CORP,MCO,615369105,2252058,0.116840,-,1835090.000,USD,,,,
ECOLAB INC,ECL,278865100,2304227,0.114110,-,3041210.000,USD,,,,
DOORDASH INC   A,DASH,25809K105,BN13P03,0.113005,-,4470824.000,USD,,,,
ROBINHOOD MARKETS INC   A,HOOD,770700102,BP0TQN6,0.112640,-,9407282.000,USD,,,,
ROYAL CARIBBEAN CRUISES LTD,RCL,V7780T103,2754907,0.112634,-,2994897.000,USD,,,,
TRANSDIGM GROUP INC,TDG,893641100,B11FJK3,0.112428,-,673102.000,USD,,,,
NORFOLK SOUTHERN CORP,NSC,655844108,2641894,0.112383,-,2684179.000,USD,,,,
WARNER BROS DISCOVERY INC,WBD,934423104,BM8JYX3,0.112023,-,29608699.000,USD,,,,
SIMON PROPERTY GROUP INC,SPG,828806109,2812452,0.109806,-,3870918.000,USD,,,,
PACCAR INC,PCAR,693718108,2665861,0.109635,-,6271805.000,USD,,,,
COLGATE PALMOLIVE CO,CL,194162103,2209106,0.109268,-,9640999.000,USD,,,,
AIR PRODUCTS + CHEMICALS INC,APD,009158106,2011602,0.108726,-,2662383.000,USD,,,,
DIGITAL REALTY TRUST INC,DLR,253868103,B03GQS4,0.107691,-,3862200.000,USD,,,,
TRAVELERS COS INC/THE,TRV,89417E109,2769503,0.107490,-,2574142.000,USD,,,,
MARATHON PETROLEUM CORP,MPC,56585A102,B3K3L40,0.107219,-,3512321.000,USD,,,,
COHERENT CORP,COHR,19247G107,BNG8Z81,0.106470,-,2235472.000,USD,,,,
TRUIST FINANCIAL CORP,TFC,89832Q109,BKP7287,0.106293,-,15023529.000,USD,,,,
PHILLIPS 66,PSX,718546104,B78C4Y8,0.106151,-,4807542.000,USD,,,,
L3HARRIS TECHNOLOGIES INC,LHX,502431109,BK9DTN5,0.105300,-,2233574.000,USD,,,,
DELL TECHNOLOGIES  C,DELL,24703L202,BHKD3S6,0.104010,-,3535393.000,USD,,,,
KINDER MORGAN INC,KMI,49456B101,B3NQ4P8,0.102297,-,23389562.000,USD,,,,
SEMPRA,SRE,816851109,2138158,0.100586,-,7794497.000,USD,,,,
CENCORA INC,COR,03073E105,2795393,0.100365,-,2319099.000,USD,,,,
AIRBNB INC CLASS A,ABNB,009066101,BMGYYH4,0.099609,-,5040378.000,USD,,,,
CINTAS CORP,CTAS,172908105,2197137,0.098797,-,4045986.000,USD,,,,
LUMENTUM HOLDINGS INC,LITE,55024U109,BYM9ZP2,0.098754,-,851736.000,USD,,,,
AUTOZONE INC,AZO,053332102,2065955,0.098629,-,197421.000,USD,,,,
TERADYNE INC,TER,880770102,2884183,0.098598,-,1873265.000,USD,,,,
TARGET CORP,TGT,87612E106,2259101,0.098595,-,5387499.000,USD,,,,
BAKER HUGHES CO,BKR,05722G100,BDHLTQ5,0.098421,-,11791343.000,USD,,,,
APOLLO GLOBAL MANAGEMENT INC,APO,03769M106,BN44JF6,0.097909,-,5553466.000,USD,,,,
REALTY INCOME CORP,O,756109104,2724193,0.097553,-,11002589.000,USD,,,,
COMFORT SYSTEMS USA INC,FIX,199908104,2036047,0.097478,-,420284.000,USD,,,,
KEYSIGHT TECHNOLOGIES IN,KEYS,49338L103,BQZJ0Q9,0.095930,-,2040833.000,USD,,,,
ARTHUR J GALLAGHER + CO,AJG,363576109,2359506,0.095373,-,3067047.000,USD,,,,
CARVANA CO,CVNA,146869102,BYQHPG3,0.093953,-,1691559.000,USD,,,,
NXP SEMICONDUCTORS NV,NXPI,N6596X109,B505PN7,0.093339,-,3001098.000,USD,,,,
ALLSTATE CORP,ALL,020002101,2019952,0.092719,-,3093608.000,USD,,,,
NIKE INC  CL B,NKE,654106103,2640147,0.091211,-,14192426.000,USD,,,,
FORTINET INC,FTNT,34959E109,B5B2106,0.089305,-,7560743.000,USD,,,,
AFLAC INC,AFL,001055102,2026361,0.089235,-,5554227.000,USD,,,,
AMETEK INC,AME,031100100,2089212,0.089090,-,2753606.000,USD,,,,
CORTEVA INC,CTVA,22052L104,BK73B42,0.089076,-,8002218.000,USD,,,,
MONSTER BEVERAGE CORP,MNST,61174X109,BZ07BW4,0.088887,-,8524114.000,USD,,,,
ONEOK INC,OKE,682680103,2130109,0.088003,-,7500710.000,USD,,,,
FASTENAL CO,FAST,311900104,2332262,0.086909,-,13727308.000,USD,,,,
DOMINION ENERGY INC,D,25746U109,2542049,0.086215,-,10187003.000,USD,,,,
AUTODESK INC,ADSK,052769106,2065159,0.085782,-,2522391.000,USD,,,,
WW GRAINGER INC,GWW,384802104,2380863,0.084873,-,523161.000,USD,,,,
UNITED RENTALS INC,URI,911363109,2134781,0.083726,-,749622.000,USD,,,,
ENTERGY CORP,ETR,29364G103,2317087,0.083119,-,5393565.000,USD,,,,
FORD MOTOR CO,F,345370860,2615468,0.082771,-,46750322.000,USD,,,,
TARGA RESOURCES CORP,TRGP,87612G101,B55PZY3,0.082457,-,2558356.000,USD,,,,
ZOETIS INC,ZTS,98978V103,B95WG16,0.082225,-,5022214.000,USD,,,,
VISTRA CORP,VST,92840M102,BZ8VJQ8,0.081761,-,3809812.000,USD,,,,
PUBLIC STORAGE,PSA,74460D109,2852533,0.080663,-,1888399.000,USD,,,,
CARRIER GLOBAL CORP,CARR,14448C104,BK4N0D7,0.079903,-,9346411.000,USD,,,,
CARDINAL HEALTH INC,CAH,14149Y108,2175672,0.079482,-,2799760.000,USD,,,,
EBAY INC,EBAY,278642103,2293819,0.078945,-,5406549.000,USD,,,,
NUCOR CORP,NUE,670346105,2651086,0.078606,-,2727102.000,USD,,,,
EXELON CORP,EXC,30161N101,2670519,0.078183,-,12196851.000,USD,,,,
XCEL ENERGY INC,XEL,98389B100,2614807,0.077475,-,7071798.000,USD,,,,
CHIPOTLE MEXICAN GRILL INC,CMG,169656105,B0X7DZ3,0.077363,-,15490313.000,USD,,,,
PAYPAL HOLDINGS INC,PYPL,70450Y103,BYW36M8,0.077170,-,10947980.000,USD,,,,
EDWARDS LIFESCIENCES CORP,EW,28176E108,2567116,0.076646,-,6940873.000,USD,,,,
ROCKWELL AUTOMATION INC,ROK,773903109,2754060,0.076371,-,1344420.000,USD,,,,
FIFTH THIRD BANCORP,FITB,316773100,2336747,0.076057,-,10743614.000,USD,,,,
ELECTRONIC ARTS INC,EA,285512109,2310194,0.075915,-,2692091.000,USD,,,,
DELTA AIR LINES INC,DAL,247361702,B1W9D46,0.075454,-,7756283.000,USD,,,,
IDEXX LABORATORIES INC,IDXX,45168D104,2459202,0.075008,-,951531.000,USD,,,,
YUM  BRANDS INC,YUM,988498101,2098876,0.073704,-,3318037.000,USD,,,,
BECTON DICKINSON AND CO,BDX,075887109,2087807,0.073526,-,3387136.000,USD,,,,
WABTEC CORP,WAB,929740108,2955733,0.072765,-,2038729.000,USD,,,,
MICROCHIP TECHNOLOGY INC,MCHP,595017104,2592174,0.072585,-,6474010.000,USD,,,,
MSCI INC,MSCI,55354G100,B2972D2,0.072329,-,873954.000,USD,,,,
COINBASE GLOBAL INC  CLASS A,COIN,19260Q107,BMC9P69,0.072027,-,2653272.000,USD,,,,
GARMIN LTD,GRMN,H2906T109,B3Z5T14,0.071985,-,1957157.000,USD,,,,
DR HORTON INC,DHI,23331A109,2250687,0.071981,-,3203337.000,USD,,,,
CBRE GROUP INC   A,CBRE,12504L109,B6WVMH3,0.071722,-,3454840.000,USD,,,,
STATE STREET CORP,STT,857477103,2842040,0.071065,-,3340296.000,USD,,,,
DATADOG INC   CLASS A,DDOG,23804L103,BKT9Y49,0.070290,-,3924322.000,USD,,,,
METLIFE INC,MET,59156R108,2573209,0.070246,-,6544357.000,USD,,,,
AMERIPRISE FINANCIAL INC,AMP,03076C106,B0J7D57,0.069343,-,1085582.000,USD,,,,
AMERICAN INTERNATIONAL GROUP,AIG,026874784,2027342,0.068881,-,6380123.000,USD,,,,
REPUBLIC SERVICES INC,RSG,760759100,2262530,0.068454,-,2406831.000,USD,,,,
OLD DOMINION FREIGHT LINE,ODFL,679580100,2656423,0.068162,-,2192374.000,USD,,,,
OCCIDENTAL PETROLEUM CORP,OXY,674599105,2655408,0.066865,-,8568287.000,USD,,,,
KROGER CO,KR,501044101,2497406,0.066013,-,6924861.000,USD,,,,
BLOCK INC,XYZ,852234103,BYNZGK1,0.065323,-,6571758.000,USD,,,,
PUBLIC SERVICE ENTERPRISE GP,PEG,744573106,2707677,0.064821,-,5955958.000,USD,,,,
NASDAQ INC,NDAQ,631103108,2965107,0.064798,-,5339398.000,USD,,,,
CONSOLIDATED EDISON INC,ED,209115104,2216850,0.064635,-,4312334.000,USD,,,,
VENTAS INC,VTR,92276F100,2927925,0.064421,-,5663253.000,USD,,,,
HARTFORD INSURANCE GROUP INC,HIG,416515104,2476193,0.064253,-,3333052.000,USD,,,,
ROPER TECHNOLOGIES INC,ROP,776696106,2749602,0.063724,-,1267401.000,USD,,,,
VULCAN MATERIALS CO,VMC,929160109,2931205,0.063501,-,1576664.000,USD,,,,
HEWLETT PACKARD ENTERPRISE,HPE,42824C109,BYVYWS0,0.062894,-,15785310.000,USD,,,,
TAKE TWO INTERACTIVE SOFTWRE,TTWO,874054109,2122117,0.062522,-,2073508.000,USD,,,,
EMCOR GROUP INC,EME,29084Q100,2474164,0.062099,-,534896.000,USD,,,,
P G + E CORP,PCG,69331C108,2689560,0.061800,-,26271476.000,USD,,,,
MARTIN MARIETTA MATERIALS,MLM,573284106,2572079,0.061369,-,720884.000,USD,,,,
WEC ENERGY GROUP INC,WEC,92939U106,BYY8XK8,0.061214,-,3890276.000,USD,,,,
CROWN CASTLE INC,CCI,22822V101,BTGQCX1,0.061128,-,5195973.000,USD,,,,
DIAMONDBACK ENERGY INC,FANG,25278X109,B7Y8YR3,0.060866,-,2314784.000,USD,,,,
KEURIG DR PEPPER INC,KDP,49271V100,BD3W133,0.059363,-,16206547.000,USD,,,,
SYSCO CORP,SYY,871829107,2868165,0.059159,-,5709703.000,USD,,,,
EQT CORP,EQT,26884L109,2319414,0.058875,-,7458338.000,USD,,,,
INTERACTIVE BROKERS GRO CL A,IBKR,45841N107,B1WT4X2,0.058688,-,5320632.000,USD,,,,
ARCH CAPITAL GROUP LTD,ACGL,G0450A105,2740542,0.058178,-,4248302.000,USD,,,,
JABIL INC,JBL,466313103,2471789,0.057962,-,1253852.000,USD,,,,
IRON MOUNTAIN INC,IRM,46284V101,BVFTF03,0.057442,-,3518894.000,USD,,,,
AGILENT TECHNOLOGIES INC,A,00846U101,2520153,0.057441,-,3396045.000,USD,,,,
HUNTINGTON BANCSHARES INC,HBAN,446150104,2445966,0.057101,-,24288459.000,USD,,,,
FISERV INC,FISV,337738108,2342034,0.056381,-,6433328.000,USD,,,,
ON SEMICONDUCTOR,ON,682189105,2583576,0.056302,-,4676121.000,USD,,,,
ARCHER DANIELS MIDLAND CO,ADM,039483102,2047317,0.055406,-,5727251.000,USD,,,,
PRUDENTIAL FINANCIAL INC,PRU,744320102,2819118,0.055252,-,4135075.000,USD,,,,
KENVUE INC,KVUE,49177J102,BQ84ZQ6,0.054852,-,22886790.000,USD,,,,
M + T BANK CORP,MTB,55261F104,2340168,0.054697,-,1803638.000,USD,,,,
GE HEALTHCARE TECHNOLOGY,GEHC,36266G107,BL6JPG8,0.054640,-,5458183.000,USD,,,,
WATERS CORP,WAT,941848103,2937689,0.054115,-,1165231.000,USD,,,,
RESMED INC,RMD,761152107,2732903,0.053286,-,1738695.000,USD,,,,
KIMBERLY CLARK CORP,KMB,494368103,2491839,0.053098,-,3967638.000,USD,,,,
EXPEDIA GROUP INC,EXPE,30212P303,B748CK2,0.053089,-,1399612.000,USD,,,,
AXON ENTERPRISE INC,AXON,05464C101,BDT5S35,0.052690,-,939282.000,USD,,,,
NRG ENERGY INC,NRG,629377508,2212922,0.052680,-,2537435.000,USD,,,,
NORTHERN TRUST CORP,NTRS,665859104,2648668,0.052629,-,2212010.000,USD,,,,
HALLIBURTON CO,HAL,406216101,2405302,0.052606,-,9953414.000,USD,,,,
UNITED AIRLINES HOLDINGS INC,UAL,910047109,B4QG225,0.052068,-,3869469.000,USD,,,,
CARNIVAL CORP,CCL,143658300,2523044,0.051981,-,13714033.000,USD,,,,
CBOE GLOBAL MARKETS INC,CBOE,12503M108,B5834C5,0.051657,-,1246022.000,USD,,,,
OTIS WORLDWIDE CORP,OTIS,68902V107,BK531S8,0.050926,-,4660821.000,USD,,,,
EXTRA SPACE STORAGE INC,EXR,30225T102,B02HWR9,0.050506,-,2538065.000,USD,,,,
PAYCHEX INC,PAYX,704326107,2674458,0.050273,-,3873705.000,USD,,,,
AMEREN CORPORATION,AEE,023608102,2050832,0.050209,-,3295932.000,USD,,,,
TAPESTRY INC,TPR,876030107,BF09HX3,0.050147,-,2405161.000,USD,,,,
STEEL DYNAMICS INC,STLD,858119100,2849472,0.050093,-,1642012.000,USD,,,,
VICI PROPERTIES INC,VICI,925652109,BYWH073,0.050037,-,12708765.000,USD,,,,
ATMOS ENERGY CORP,ATO,049560105,2315359,0.049989,-,1972514.000,USD,,,,
TELEDYNE TECHNOLOGIES INC,TDY,879360105,2503477,0.049725,-,558389.000,USD,,,,
INGERSOLL RAND INC,IR,45687V106,BL5GZ82,0.049677,-,4228108.000,USD,,,,
COPART INC,CPRT,217204106,2208073,0.049609,-,10613352.000,USD,,,,
IQVIA HOLDINGS INC,IQV,46266C105,BDR73G1,0.049457,-,2031975.000,USD,,,,
DTE ENERGY COMPANY,DTE,233331107,2280220,0.049135,-,2472108.000,USD,,,,
DOVER CORP,DOV,260003108,2278407,0.048877,-,1601632.000,USD,,,,
XYLEM INC,XYL,98419M100,B3P2CN8,0.048236,-,2902001.000,USD,,,,
HUBBELL INC,HUBB,443510607,BDFG6S3,0.048128,-,632658.000,USD,,,,
COGNIZANT TECH SOLUTIONS A,CTSH,192446102,2257019,0.047578,-,5681267.000,USD,,,,
CASEY S GENERAL STORES INC,CASY,147528103,2179414,0.047381,-,437458.000,USD,,,,
QNITY ELECTRONICS INC,Q,74743L100,BW1P234,0.046984,-,2514971.000,USD,,,,
PPL CORP,PPL,69351T106,2680905,0.046614,-,8805988.000,USD,,,,
WILLIS TOWERS WATSON PLC,WTW,G96629103,BDB6Q21,0.046583,-,1128956.000,USD,,,,
DEVON ENERGY CORP,DVN,25179M103,2480677,0.046555,-,7369405.000,USD,,,,
HERSHEY CO/THE,HSY,427866108,2422806,0.046136,-,1764740.000,USD,,,,
CITIZENS FINANCIAL GROUP,CFG,174610105,BQRX1X3,0.045634,-,5044448.000,USD,,,,
CENTERPOINT ENERGY INC,CNP,15189T107,2440637,0.045485,-,7770943.000,USD,,,,
DOW INC,DOW,260557103,BHXCF84,0.045293,-,8534040.000,USD,,,,
WORKDAY INC CLASS A,WDAY,98138H101,B8K6ZD1,0.045272,-,2530089.000,USD,,,,
BIOGEN INC,BIIB,09062X103,2455965,0.045253,-,1756655.000,USD,,,,
RAYMOND JAMES FINANCIAL INC,RJF,754730109,2718992,0.045136,-,2108218.000,USD,,,,
DOLLAR GENERAL CORP,DG,256677105,B5B1S13,0.045052,-,2620243.000,USD,,,,
METTLER TOLEDO INTERNATIONAL,MTD,592688105,2126249,0.044829,-,244355.000,USD,,,,
EDISON INTERNATIONAL,EIX,281020107,2829515,0.044526,-,4609279.000,USD,,,,
SYNCHRONY FINANCIAL,SYF,87165B103,BP96PS6,0.044360,-,4124715.000,USD,,,,
HUMANA INC,HUM,444859102,2445063,0.043287,-,1437531.000,USD,,,,
CINCINNATI FINANCIAL CORP,CINF,172062101,2196888,0.043038,-,1866259.000,USD,,,,
AMERICAN WATER WORKS CO INC,AWK,030420103,B2R3PV1,0.042697,-,2333961.000,USD,,,,
VERISK ANALYTICS INC,VRSK,92345Y106,B4P9W92,0.042141,-,1670531.000,USD,,,,
TEXAS PACIFIC LAND CORP,TPL,88262P102,BM99VY2,0.041894,-,690854.000,USD,,,,
ULTA BEAUTY INC,ULTA,90384S303,B28TS42,0.041600,-,526658.000,USD,,,,
FIRSTENERGY CORP,FE,337932107,2100920,0.041574,-,6186253.000,USD,,,,
EVERSOURCE ENERGY,ES,30040W108,BVVN4Q8,0.041311,-,4462686.000,USD,,,,
PPG INDUSTRIES INC,PPG,693506107,2698470,0.041039,-,2670663.000,USD,,,,
FIDELITY NATIONAL INFO SERV,FIS,31620M106,2769796,0.040920,-,6193526.000,USD,,,,
ARES MANAGEMENT CORP   A,ARES,03990B101,BF14BT1,0.040791,-,2456980.000,USD,,,,
FAIR ISAAC CORP,FICO,303250104,2330299,0.040731,-,283603.000,USD,,,,
PULTEGROUP INC,PHM,745867101,2708841,0.040636,-,2280205.000,USD,,,,
REGIONS FINANCIAL CORP,RF,7591EP100,B01R311,0.040447,-,10298318.000,USD,,,,
OMNICOM GROUP,OMC,681919106,2279303,0.040387,-,3734154.000,USD,,,,
AVALONBAY COMMUNITIES INC,AVB,053484101,2131179,0.040339,-,1691541.000,USD,,,,
LIVE NATION ENTERTAINMENT IN,LYV,538034109,B0T7YX2,0.040205,-,1892223.000,USD,,,,
COTERRA ENERGY INC,CTRA,127097103,2162340,0.040047,-,9075961.000,USD,,,,
WILLIAMS SONOMA INC,WSM,969904101,2967589,0.039682,-,1416024.000,USD,,,,
DEXCOM INC,DXCM,252131107,B0796X4,0.039631,-,4569812.000,USD,,,,
ALBEMARLE CORP,ALB,012653101,2046853,0.038473,-,1399614.000,USD,,,,
CMS ENERGY CORP,CMS,125896100,2219224,0.038255,-,3653570.000,USD,,,,
CORPAY INC,CPAY,219948106,BMX5GK7,0.038248,-,836799.000,USD,,,,
EQUIFAX INC,EFX,294429105,2319146,0.038078,-,1428418.000,USD,,,,
LABCORP HOLDINGS INC,LH,504922105,BSBK800,0.037631,-,993447.000,USD,,,,
SBA COMMUNICATIONS CORP,SBAC,78410G104,BZ6TS23,0.037624,-,1274421.000,USD,,,,
DARDEN RESTAURANTS INC,DRI,237194105,2289874,0.037286,-,1366563.000,USD,,,,
EXPAND ENERGY CORP,EXE,165167735,BMZ5LZ5,0.037150,-,2844896.000,USD,,,,
QUEST DIAGNOSTICS INC,DGX,74834L100,2702791,0.037069,-,1304975.000,USD,,,,
VERALTO CORP,VLTO,92338C103,BPGMZQ5,0.037029,-,2980478.000,USD,,,,
NISOURCE INC,NI,65473P105,2645409,0.036936,-,5681167.000,USD,,,,
CONSTELLATION BRANDS INC A,STZ,21036P108,2170473,0.036664,-,1686228.000,USD,,,,
VERISIGN INC,VRSN,92343E102,2142922,0.036577,-,978652.000,USD,,,,
NETAPP INC,NTAP,64110D104,2630643,0.036379,-,2348811.000,USD,,,,
CHURCH + DWIGHT CO INC,CHD,171340102,2195841,0.036270,-,2808755.000,USD,,,,
C.H. ROBINSON WORLDWIDE INC,CHRW,12541W209,2116228,0.036069,-,1417745.000,USD,,,,
T ROWE PRICE GROUP INC,TROW,74144T108,2702337,0.036046,-,2624490.000,USD,,,,
STERIS PLC,STE,G8473T100,BFY8C75,0.035692,-,1174018.000,USD,,,,
SMURFIT WESTROCK PLC,SW,G8267P108,BRK49M5,0.035617,-,6237166.000,USD,,,,
EQUITY RESIDENTIAL,EQR,29476L107,2319157,0.034938,-,4077532.000,USD,,,,
TRACTOR SUPPLY COMPANY,TSCO,892356106,2900335,0.034721,-,6333718.000,USD,,,,
CHARTER COMMUNICATIONS INC A,CHTR,16119P108,BZ6VT82,0.034208,-,1020556.000,USD,,,,
KEYCORP,KEY,493267108,2490911,0.034072,-,11128585.000,USD,,,,
LENNAR CORP W/D,LEN,526057104,2511920,0.033714,-,2580419.000,USD,,,,
EXPEDITORS INTL WASH INC,EXPD,302130109,2325507,0.033531,-,1603096.000,USD,,,,
BROWN + BROWN INC,BRO,115236101,2692687,0.033437,-,3500469.000,USD,,,,
SOUTHWEST AIRLINES CO,LUV,844741108,2831543,0.033031,-,5826634.000,USD,,,,
FIRST SOLAR INC,FSLR,336433107,B1HMF22,0.032986,-,1275952.000,USD,,,,
SNAP ON INC,SNA,833034101,2818740,0.032962,-,620289.000,USD,,,,
WEST PHARMACEUTICAL SERVICES,WST,955306105,2950482,0.032751,-,860532.000,USD,,,,
LEIDOS HOLDINGS INC,LDOS,525327102,BDV82B8,0.032514,-,1531936.000,USD,,,,
WR BERKLEY CORP,WRB,084423102,2093644,0.032009,-,3532850.000,USD,,,,
NVR INC,NVR,62944T105,2637785,0.031968,-,33281.000,USD,,,,
HP INC,HPQ,40434L105,BYX4D52,0.031775,-,10875461.000,USD,,,,
DOLLAR TREE INC,DLTR,256746108,2272476,0.031546,-,2193066.000,USD,,,,
AMCOR PLC,AMCR,G0250X149,BV7DQ55,0.031429,-,5519755.000,USD,,,,
FORTIVE CORP,FTV,34959J108,BYT3MK1,0.031396,-,3713323.000,USD,,,,
BROADRIDGE FINANCIAL SOLUTIO,BR,11133T103,B1VP7R6,0.031384,-,1399523.000,USD,,,,
DUPONT DE NEMOURS INC,DD,26614N102,BK0VN47,0.031380,-,4849260.000,USD,,,,
CF INDUSTRIES HOLDINGS INC,CF,125269100,B0G4K50,0.031355,-,1865712.000,USD,,,,
LOEWS CORP,L,540424108,2523022,0.031339,-,2029024.000,USD,,,,
HUNT (JB) TRANSPRT SVCS INC,JBHT,445658107,2445416,0.031272,-,899012.000,USD,,,,
MODERNA INC,MRNA,60770K107,BGSXTS3,0.031151,-,4146397.000,USD,,,,
PRINCIPAL FINANCIAL GROUP,PFG,74251V102,2803014,0.031094,-,2344548.000,USD,,,,
GENERAL MILLS INC,GIS,370334104,2367026,0.031020,-,6388377.000,USD,,,,
KRAFT HEINZ CO/THE,KHC,500754106,BYRY499,0.030994,-,10178649.000,USD,,,,
PACKAGING CORP OF AMERICA,PKG,695156109,2504566,0.030976,-,1062046.000,USD,,,,
INTERNATIONAL PAPER CO,IP,460146103,2465254,0.030827,-,6278771.000,USD,,,,
ESTEE LAUDER COMPANIES CL A,EL,518439104,2320524,0.030789,-,2929659.000,USD,,,,
EVERGY INC,EVRG,30034W106,BFMXGR0,0.030736,-,2761232.000,USD,,,,
CDW CORP/DE,CDW,12514G108,BBM5MD6,0.030672,-,1565662.000,USD,,,,
INTL FLAVORS + FRAGRANCES,IFF,459506101,2464165,0.030516,-,3041563.000,USD,,,,
LYONDELLBASELL INDU CL A,LYB,N53745100,B3SPXZ3,0.030474,-,3079983.000,USD,,,,
ZIMMER BIOMET HOLDINGS INC,ZBH,98956P102,2783815,0.030436,-,2370236.000,USD,,,,
TYSON FOODS INC CL A,TSN,902494103,2909730,0.030279,-,3384871.000,USD,,,,
CENTENE CORP,CNC,15135B101,2807061,0.030182,-,5566237.000,USD,,,,
ALLIANT ENERGY CORP,LNT,018802108,2973821,0.030072,-,3051310.000,USD,,,,
LULULEMON ATHLETICA INC,LULU,550021109,B23FN39,0.029793,-,1290055.000,USD,,,,
WEYERHAEUSER CO,WY,962166104,2958936,0.029695,-,8611814.000,USD,,,,
F5 INC,FFIV,315616102,2427599,0.029269,-,669505.000,USD,,,,
LAS VEGAS SANDS CORP,LVS,517834107,B02T2J7,0.029003,-,3638334.000,USD,,,,
BUNGE GLOBAL SA,BG,H11356104,BQ6BPG9,0.028223,-,1619004.000,USD,,,,
VIATRIS INC,VTRS,92556V106,BMWS3X9,0.028207,-,13822790.000,USD,,,,
BALL CORP,BALL,058498106,2073022,0.028137,-,3205463.000,USD,,,,
GLOBAL PAYMENTS INC,GPN,37940X102,2712013,0.028085,-,2831759.000,USD,,,,
PTC INC,PTC,69370C100,B95N910,0.027931,-,1430581.000,USD,,,,
ECHOSTAR CORP A,SATS,278768106,B2NC471,0.027539,-,1604924.000,USD,,,,
COSTAR GROUP INC,CSGP,22160N109,2262864,0.027367,-,5076903.000,USD,,,,
TRIMBLE INC,TRMB,896239100,2903958,0.027044,-,2830423.000,USD,,,,
ESSEX PROPERTY TRUST INC,ESS,297178105,2316619,0.026778,-,763519.000,USD,,,,
KIMCO REALTY CORP,KIM,49446R109,2491594,0.026561,-,8093183.000,USD,,,,
ROLLINS INC,ROL,775711104,2747305,0.026458,-,3490808.000,USD,,,,
INCYTE CORP,INCY,45337C102,2471950,0.026395,-,1980115.000,USD,,,,
GENUINE PARTS CO,GPC,372460105,2367480,0.026337,-,1653141.000,USD,,,,
TEXTRON INC,TXT,883203101,2885937,0.025933,-,2061789.000,USD,,,,
LENNOX INTERNATIONAL INC,LII,526107107,2442053,0.025900,-,379448.000,USD,,,,
DECKERS OUTDOOR CORP,DECK,243537107,2267278,0.025649,-,1680496.000,USD,,,,
JACOBS SOLUTIONS INC,J,46982L108,BNGC0D3,0.025459,-,1418966.000,USD,,,,
IDEX CORP,IEX,45167R104,2456612,0.025400,-,895298.000,USD,,,,
INVITATION HOMES INC,INVH,46187W107,BD81GW9,0.025117,-,6729863.000,USD,,,,
NORDSON CORP,NDSN,655663102,2641838,0.024940,-,636750.000,USD,,,,
RALPH LAUREN CORP,RL,751212101,B4V9661,0.024690,-,460791.000,USD,,,,
MID AMERICA APARTMENT COMM,MAA,59522J103,2589132,0.024457,-,1403976.000,USD,,,,
HUNTINGTON INGALLS INDUSTRIE,HII,446413106,B40SSC9,0.024413,-,465939.000,USD,,,,
PENTAIR PLC,PNR,G7S00T104,BLS09M3,0.024401,-,1957240.000,USD,,,,
TYLER TECHNOLOGIES INC,TYL,902252105,2909644,0.024346,-,514654.000,USD,,,,
SUPER MICRO COMPUTER INC,SMCI,86800U302,BRC3N73,0.023591,-,5989629.000,USD,,,,
EVEREST GROUP LTD,EG,G3223R108,2556868,0.023330,-,481392.000,USD,,,,
AKAMAI TECHNOLOGIES INC,AKAM,00971T101,2507457,0.023216,-,1708627.000,USD,,,,
INSULET CORP,PODD,45784P101,B1XGNW4,0.022337,-,838328.000,USD,,,,
HOST HOTELS + RESORTS INC,HST,44107P104,2567503,0.022290,-,7618288.000,USD,,,,
MASCO CORP,MAS,574599106,2570200,0.022249,-,2405618.000,USD,,,,
APA CORP,APA,03743Q108,BNNF1C1,0.021948,-,4241605.000,USD,,,,
REGENCY CENTERS CORP,REG,758849103,2726177,0.021873,-,1973281.000,USD,,,,
MCCORMICK + CO NON VTG SHRS,MKC,579780206,2550161,0.021805,-,3027952.000,USD,,,,
AVERY DENNISON CORP,AVY,053611109,2066408,0.021705,-,924537.000,USD,,,,
COOPER COS INC/THE,COO,216648501,BQPDXR3,0.021616,-,2318385.000,USD,,,,
ALIGN TECHNOLOGY INC,ALGN,016255101,2679204,0.021565,-,797444.000,USD,,,,
BEST BUY CO INC,BBY,086516101,2094670,0.021555,-,2336497.000,USD,,,,
APTIV PLC,APTV,G3265R107,BTDN8H1,0.021210,-,2518086.000,USD,,,,
FOX CORP   CLASS A,FOXA,35137L105,BJJMGL2,0.021120,-,2370608.000,USD,,,,
GENERAC HOLDINGS INC,GNRC,368736104,B6197Q2,0.020530,-,692959.000,USD,,,,
ALLEGION PLC,ALLE,G0176J109,BFRT3W7,0.020446,-,1028709.000,USD,,,,
PINNACLE WEST CAPITAL,PNW,723484101,2048804,0.020161,-,1441169.000,USD,,,,
TKO GROUP HOLDINGS INC,TKO,87256C101,BQBBFD1,0.020114,-,792953.000,USD,,,,
HASBRO INC,HAS,418056107,2414580,0.019992,-,1584547.000,USD,,,,
GODADDY INC   CLASS A,GDDY,380237107,BWFRFC6,0.019841,-,1616480.000,USD,,,,
CLOROX COMPANY,CLX,189054109,2204026,0.019692,-,1445005.000,USD,,,,
GLOBE LIFE INC,GL,37959E102,BK6YKG1,0.019690,-,941737.000,USD,,,,
STANLEY BLACK + DECKER INC,SWK,854502101,B3Q2FJ4,0.019649,-,1860092.000,USD,,,,
ASSURANT INC,AIZ,04621X108,2331430,0.019153,-,603822.000,USD,,,,
DOMINO S PIZZA INC,DPZ,25754A201,B01SD70,0.019043,-,372305.000,USD,,,,
ZEBRA TECHNOLOGIES CORP CL A,ZBRA,989207105,2989356,0.019034,-,580524.000,USD,,,,
HEALTHPEAK PROPERTIES INC,DOC,42250P103,BJBLRK3,0.018771,-,8226548.000,USD,,,,
JACK HENRY + ASSOCIATES INC,JKHY,426281101,2469193,0.018649,-,865676.000,USD,,,,
GEN DIGITAL INC,GEN,668771108,BJN4XN5,0.018435,-,6683571.000,USD,,,,
GARTNER INC,IT,366651107,2372763,0.018321,-,831876.000,USD,,,,
INVESCO LTD,IVZ,G491BT108,B28XP76,0.018265,-,5280016.000,USD,,,,
UDR INC,UDR,902653104,2727910,0.017575,-,3626626.000,USD,,,,
REVVITY INC,RVTY,714046109,2305844,0.017535,-,1342640.000,USD,,,,
CAMDEN PROPERTY TRUST,CPT,133131102,2166320,0.017503,-,1232871.000,USD,,,,
AES CORP,AES,00130H105,2002479,0.017185,-,8590459.000,USD,,,,
JM SMUCKER CO/THE,SJM,832696405,2951452,0.017055,-,1285875.000,USD,,,,
TRADE DESK INC/THE  CLASS A,TTD,88339J105,BD8FDD1,0.016926,-,5266099.000,USD,,,,
SOLVENTUM CORP,SOLV,83444M101,BMTQB43,0.016925,-,1771328.000,USD,,,,
BUILDERS FIRSTSOURCE INC,BLDR,12008R107,B0BV2M7,0.016589,-,1334066.000,USD,,,,
NEWS CORP   CLASS A,NWSA,65249B109,BBGVT40,0.016387,-,4477195.000,USD,,,,
UNIVERSAL HEALTH SERVICES B,UHS,913903100,2923785,0.016163,-,653423.000,USD,,,,
BAXTER INTERNATIONAL INC,BAX,071813109,2085102,0.015797,-,6166875.000,USD,,,,
BIO TECHNE CORP,TECH,09073M104,BSHZ3Q0,0.015407,-,1863741.000,USD,,,,
SKYWORKS SOLUTIONS INC,SWKS,83088M102,2961053,0.015086,-,1816737.000,USD,,,,
CHARLES RIVER LABORATORIES,CRL,159864107,2604336,0.015039,-,592884.000,USD,,,,
WYNN RESORTS LTD,WYNN,983134107,2963811,0.014999,-,1005642.000,USD,,,,
FACTSET RESEARCH SYSTEMS INC,FDS,303075105,2329770,0.014916,-,448028.000,USD,,,,
NORWEGIAN CRUISE LINE HOLDIN,NCLH,G66721104,B9CGTC3,0.014715,-,5494864.000,USD,,,,
FEDERAL REALTY INVS TRUST,FRT,313745101,BN7P9B2,0.014429,-,937240.000,USD,,,,
BXP INC,BXP,101121101,2019479,0.014232,-,1756142.000,USD,,,,
FRANKLIN RESOURCES INC,BEN,354613101,2350684,0.014067,-,3727709.000,USD,,,,
FOX CORP   CLASS B,FOX,35137L204,BJJMGY5,0.013275,-,1662701.000,USD,,,,
HENRY SCHEIN INC,HSIC,806407102,2416962,0.013073,-,1196943.000,USD,,,,
MOSAIC CO/THE,MOS,61945C103,B3NPHP6,0.012757,-,3805158.000,USD,,,,
POOL CORP,POOL,73278L105,2781585,0.012632,-,391106.000,USD,,,,
ALEXANDRIA REAL ESTATE EQUIT,ARE,015271109,2009210,0.012298,-,1856799.000,USD,,,,
MGM RESORTS INTERNATIONAL,MGM,552953101,2547419,0.012207,-,2253047.000,USD,,,,
SMITH (A.O.) CORP,AOS,831865209,2816023,0.012116,-,1345725.000,USD,,,,
EPAM SYSTEMS INC,EPAM,29414B104,B44Z3T8,0.012074,-,659660.000,USD,,,,
MOLSON COORS BEVERAGE CO   B,TAP,60871R209,B067BM3,0.012044,-,1994387.000,USD,,,,
CONAGRA BRANDS INC,CAG,205887102,2215460,0.011693,-,5753545.000,USD,,,,
ERIE INDEMNITY COMPANY CL A,ERIE,29530P102,2311711,0.010606,-,301580.000,USD,,,,
HORMEL FOODS CORP,HRL,440452100,2437264,0.010338,-,3511538.000,USD,,,,
BROWN FORMAN CORP CLASS B,BF.B,115637209,2146838,0.008193,-,2056906.000,USD,,,,
DAVITA INC,DVA,23918K108,2898087,0.008083,-,389208.000,USD,,,,
THE CAMPBELL S COMPANY,CPB,134429109,2162845,0.006858,-,2367421.000,USD,,,,
NEWS CORP   CLASS B,NWS,65249B208,BBGVT51,0.006111,-,1450033.000,USD,,,,
PARAMOUNT SKYDANCE CL B,PSKY,69932A204,BSNMNQ5,0.006005,-,3733787.000,USD,,,,
CONTRA HOLOGIC INCORPO,2602335D,436CVR021,-,0.000004,-,2578626.000,USD,,,,
,,,,,,,,,,,
,,,,,,,,,,,
,,,,,,,,,,,
,,,,,,,,,,,
,,,,,,,,,,,
,,,,,,,,,,,
,,,,,,,,,,,
,,,,,,,,,,,
,,,,,,,,,,,
,,,,,,,,,,,
,,,,,,,,,,,
,,,,,,,,,,,
,,,,,,,,,,,
,,,,,,,,,,,
,,,,,,,,,,,
,,,,,,,,,,,
,,,,,,,,,,,
,,,,,,,,,,,
,,,,,,,,,,,
,,,,,,,,,,,
,,,,,,,,,,,
,,,,,,,,,,,
,,,,,,,,,,,
,,,,,,,,,,,
,,,,,,,,,,,
,,,,,,,,,,,
,,,,,,,,,,,
,,,,,,,,,,,
,,,,,,,,,,,
,,,,,,,,,,,
,,,,,,,,,,,
,,,,,,,,,,,
,,,,,,,,,,,
,,,,,,,,,,,
,,,,,,,,,,,
,,,,,,,,,,,
,,,,,,,,,,,
,,,,,,,,,,,
,,,,,,,,,,,
,,,,,,,,,,,
,,,,,,,,,,,
,,,,,,,,,,,
,,,,,,,,,,,
,,,,,,,,,,,
,,,,,,,,,,,
,,,,,,,,,,,
,,,,,,,,,,,
,,,,,,,,,,,
,,,,,,,,,,,
,,,,,,,,,,,
,,,,,,,,,,,
,,,,,,,,,,,
,,,,,,,,,,,
,,,,,,,,,,,
,,,,,,,,,,,
,,,,,,,,,,,
,,,,,,,,,,,
,,,,,,,,,,,
,,,,,,,,,,,
,,,,,,,,,,,
,,,,,,,,,,,
,,,,,,,,,,,
,,,,,,,,,,,
,,,,,,,,,,,
,,,,,,,,,,,
,,,,,,,,,,,
,,,,,,,,,,,
,,,,,,,,,,,
,,,,,,,,,,,
,,,,,,,,,,,
,,,,,,,,,,,
,,,,,,,,,,,
,,,,,,,,,,,
,,,,,,,,,,,
,,,,,,,,,,,
,,,,,,,,,,,
,,,,,,,,,,,
,,,,,,,,,,,
,,,,,,,,,,,
,,,,,,,,,,,
,,,,,,,,,,,
,,,,,,,,,,,
,,,,,,,,,,,
,,,,,,,,,,,
,,,,,,,,,,,
,,,,,,,,,,,
,,,,,,,,,,,
,,,,,,,,,,,
,,,,,,,,,,,
,,,,,,,,,,,
,,,,,,,,,,,
,,,,,,,,,,,
,,,,,,,,,,,
,,,,,,,,,,,
,,,,,,,,,,,
,,,,,,,,,,,
,,,,,,,,,,,
,,,,,,,,,,,
,,,,,,,,,,,
,,,,,,,,,,,
,,,,,,,,,,,
,,,,,,,,,,,